employeeNo,firstName,lastName,email,phone
841-56-6095,Antin,Gatus,agatus0@free.fr,5042305292
554-65-4313,Bobine,Kippling,bkippling1@netvibes.com,2016843876
883-53-6376,Keely,Ortler,kortler2@hubpages.com,2665389928
402-08-1694,Ransom,Dobell,rdobell3@cargocollective.com,5752098345
703-78-2495,Nady,Lewin,nlewin4@netvibes.com,4781979548
553-11-4455,Alikee,Letertre,aletertre5@opensource.org,5387764278
447-53-5826,Krystal,Richmont,krichmont6@cocolog-nifty.com,4274284920
649-56-6809,Lorna,Aldren,laldren7@cafepress.com,1153944239
583-64-6932,Terrye,Reeder,treeder8@trellian.com,4757246363
762-12-7563,Tabbitha,Dunsire,tdunsire9@europa.eu,1991285192
265-81-6743,Shermy,Duffield,sduffielda@amazon.co.uk,8034016951
537-44-7790,Hamnet,Phipps,hphippsb@virginia.edu,9914719358
567-34-5137,Waylen,Clurow,wclurowc@g.co,7199055649
749-42-2902,Heindrick,Margach,hmargachd@paginegialle.it,3345552507
168-42-0905,Elonore,O'Sirin,eosirine@imgur.com,1307184509
751-01-7759,Wanda,Rojahn,wrojahnf@psu.edu,2717457633
446-71-6501,Caz,Lyford,clyfordg@canalblog.com,6467165927
543-88-0723,Corrie,Ewenson,cewensonh@tuttocitta.it,5153394992
160-53-9690,Christoper,Kernley,ckernleyi@slashdot.org,1753237386
787-84-9590,Bibbye,Ramm,brammj@de.vu,1022705734
184-11-8699,Tomasine,Delap,tdelapk@epa.gov,2987725473
881-80-8458,Leigha,Latliff,llatliffl@army.mil,5464738321
855-55-6951,Allison,Bittlestone,abittlestonem@usnews.com,5668887932
106-03-1937,Druci,Mc Curlye,dmccurlyen@webs.com,2421216089
144-62-7839,Roi,Carnoghan,rcarnoghano@gizmodo.com,3273789621
418-31-3845,Christi,Oboy,coboyp@fc2.com,7182520899
150-22-2442,Cordie,Hellsdon,chellsdonq@weibo.com,6825479361
471-16-3203,Chloe,Lutman,clutmanr@abc.net.au,8404381686
150-66-6637,Fidelio,Horsley,fhorsleys@buzzfeed.com,5661304242
831-86-6540,Nikolos,More,nmoret@imdb.com,9249293401
712-61-4463,Bobina,Bartrap,bbartrapu@fema.gov,4113256047
175-63-7597,Alice,McParland,amcparlandv@whitehouse.gov,1781033078
357-38-8160,Hedwiga,Stoneley,hstoneleyw@cnet.com,9988371264
224-96-4761,Fred,Heinsh,fheinshx@toplist.cz,4135697675
754-63-8890,Rriocard,Rochell,rrochelly@multiply.com,6788449798
261-24-0329,Starlin,Guarnier,sguarnierz@addthis.com,1895192721
145-69-7236,Ax,Leathwood,aleathwood10@microsoft.com,1028454784
864-83-2165,Rodge,Eckery,reckery11@state.tx.us,9971987460
469-24-6751,Cinda,Bowler,cbowler12@stumbleupon.com,3884516794
667-76-1512,Cookie,Eastam,ceastam13@elegantthemes.com,6722022943
200-62-2925,Remy,Kelner,rkelner14@github.io,8148655099
249-03-6822,Rowney,Nelthropp,rnelthropp15@topsy.com,1842838219
803-51-3209,Trudi,Hehl,thehl16@mail.ru,8877739230
890-22-9980,Margit,Huertas,mhuertas17@bizjournals.com,4814740232
476-20-1495,Alejandra,Wattisham,awattisham18@stanford.edu,9336348276
888-83-6553,Jamison,Duckerin,jduckerin19@google.com,9216196238
755-24-1411,Tiebold,Enion,tenion1a@ning.com,7055500781
449-62-0926,Bradly,Jolliff,bjolliff1b@china.com.cn,3448098955
876-48-0859,Gino,Adne,gadne1c@blogs.com,5554018683
472-95-9809,Renado,Stock,rstock1d@discuz.net,3243813105
589-91-5049,Weylin,Franiak,wfraniak1e@elpais.com,5301812728
330-56-2497,Teena,Goldine,tgoldine1f@mtv.com,7143209316
851-38-7833,Brigg,Zimmerman,bzimmerman1g@ft.com,7884787641
319-22-5533,Conn,Howroyd,chowroyd1h@reference.com,5865318106
496-91-7432,Emmalynn,Pues,epues1i@cornell.edu,2395789029
396-52-9262,Talyah,Cortin,tcortin1j@surveymonkey.com,1987260556
262-91-8498,Kort,Greenier,kgreenier1k@networkadvertising.org,2533677082
723-87-8395,Quillan,Rainbow,qrainbow1l@networksolutions.com,7193211046
127-19-0180,Oona,Scullard,oscullard1m@example.com,9544487839
661-84-2922,Nell,Doull,ndoull1n@state.tx.us,5691640933
566-88-7952,Hillel,Van Arsdalen,hvanarsdalen1o@scientificamerican.com,6423144875
124-95-4844,Webster,Marcussen,wmarcussen1p@oracle.com,6519291725
125-59-8054,Sena,Medway,smedway1q@google.com.au,3332528618
312-35-6057,Ramsey,Checkley,rcheckley1r@uol.com.br,2854041211
176-39-0882,Iona,Cattlow,icattlow1s@mail.ru,6405583285
621-99-8090,Marilyn,Trittam,mtrittam1t@mozilla.org,3091067508
848-65-8818,Milicent,Bawden,mbawden1u@time.com,5075449596
589-41-5205,Rita,Macieja,rmacieja1v@drupal.org,6249985949
524-95-2654,Karina,Give,kgive1w@elpais.com,7507176622
366-71-5158,Moria,Owlner,mowlner1x@exblog.jp,2338008937
151-91-6832,Madalena,Vila,mvila1y@howstuffworks.com,7513556235
799-79-0467,Winonah,Butson,wbutson1z@washington.edu,9757432996
379-61-3956,Jackqueline,Maylott,jmaylott20@issuu.com,8936554466
721-64-4865,Philippa,Banck,pbanck21@soup.io,8168324950
485-40-5510,Simone,Joesbury,sjoesbury22@github.io,9614089713
572-74-5680,Dorotea,Donohoe,ddonohoe23@tripadvisor.com,6017205222
347-25-0816,Karee,Levins,klevins24@edublogs.org,4979494537
241-09-3268,Bourke,Chicco,bchicco25@sakura.ne.jp,4697365844
275-06-5666,Cammi,Newcomen,cnewcomen26@jugem.jp,8551157436
722-18-3705,Ardelle,Simkovich,asimkovich27@miitbeian.gov.cn,9136418361
481-75-1009,Mahmoud,Spyer,mspyer28@cargocollective.com,3939042046
832-47-2026,Lily,Guage,lguage29@census.gov,9668832940
329-31-0774,Ronny,Tatham,rtatham2a@cdc.gov,6713078091
630-32-9101,Lamont,Derrington,lderrington2b@elegantthemes.com,3384127208
155-36-9445,Alasteir,Crandon,acrandon2c@storify.com,9435214347
384-39-0295,Colly,How to preserve,chowtopreserve2d@washington.edu,2253303093
606-55-7136,Coralie,Ayton,cayton2e@blog.com,3335946040
660-05-3058,Dominick,Stansbie,dstansbie2f@lulu.com,7791942179
183-80-6220,Reidar,Fontin,rfontin2g@chron.com,9277552569
293-03-3990,Emlyn,Bartolini,ebartolini2h@howstuffworks.com,1072468307
660-65-0765,Florie,Senett,fsenett2i@fda.gov,4523051111
342-99-1569,Babette,Jerrolt,bjerrolt2j@dion.ne.jp,2483200440
117-62-9276,Ted,Pitrelli,tpitrelli2k@about.me,4682789349
160-80-0647,Kirstin,Cream,kcream2l@sciencedirect.com,2779669440
632-33-4530,Susanne,Corwin,scorwin2m@jimdo.com,3436794530
242-69-3577,Harbert,Mowat,hmowat2n@geocities.jp,5674075703
495-10-4924,Athena,O'Dwyer,aodwyer2o@washingtonpost.com,9848899677
727-70-2989,Jan,Ivie,jivie2p@patch.com,1868726308
791-86-0057,Emmit,Bouda,ebouda2q@smugmug.com,4196685951
564-87-8389,Hyman,Kopke,hkopke2r@spiegel.de,7983165891
715-29-2869,Egbert,Portingale,eportingale2s@hexun.com,3431201424
176-01-6387,Wright,Gerault,wgerault2t@wired.com,3094098156
501-04-1454,Francois,McLewd,fmclewd2u@ebay.co.uk,5716506179
395-85-6656,Uri,Deabill,udeabill2v@intel.com,9944923269
744-80-6621,Phil,Whiteley,pwhiteley2w@samsung.com,4236586900
889-10-4881,Reuben,Stendell,rstendell2x@uiuc.edu,8164390424
733-60-0905,Abeu,Schreurs,aschreurs2y@reference.com,7594345047
665-84-9951,Robert,Fitzsymons,rfitzsymons2z@ovh.net,2239070951
451-90-1219,Vania,Johnes,vjohnes30@rakuten.co.jp,9158000416
516-04-3565,Kilian,Goghin,kgoghin31@ask.com,1029634826
303-31-3835,Ashely,Barrett,abarrett32@oakley.com,5746579622
845-90-8848,Natka,Cuer,ncuer33@vimeo.com,6775576232
452-29-1215,Flossie,Ranson,franson34@techcrunch.com,1339106310
408-43-0908,Malvin,Redpath,mredpath35@spotify.com,2738136022
145-13-8906,Lisle,Nolan,lnolan36@geocities.com,6372647723
541-09-7260,Urbain,Huyhton,uhuyhton37@netvibes.com,4623017864
118-86-9196,Karlens,Silverton,ksilverton38@google.nl,9603926706
873-77-8386,Kimmie,Dearell,kdearell39@usgs.gov,2461150610
135-59-1591,Caspar,Panniers,cpanniers3a@meetup.com,1141609967
564-17-0434,Cordie,Illyes,cillyes3b@printfriendly.com,9245634781
746-91-7390,Lance,Trathen,ltrathen3c@people.com.cn,2524363440
204-67-2507,Paulette,Lilleyman,plilleyman3d@de.vu,7967431729
555-88-3114,Fee,Bonder,fbonder3e@cornell.edu,5675636806
297-40-4580,Kearney,Tenby,ktenby3f@webmd.com,8572766225
212-93-8230,Katherine,Halladay,khalladay3g@mediafire.com,8809279320
416-99-8130,Rainer,Northley,rnorthley3h@cafepress.com,8541394663
622-35-4855,Ashien,Povah,apovah3i@skyrock.com,4538945664
244-15-5472,Andriana,Pagin,apagin3j@foxnews.com,4143916870
504-04-6340,Shaylah,Raddin,sraddin3k@economist.com,3571232109
454-94-6783,Jess,Cardenoza,jcardenoza3l@java.com,7806798764
420-02-2880,Base,Coatsworth,bcoatsworth3m@washington.edu,8294148537
140-73-5733,Jane,Rolance,jrolance3n@parallels.com,9823920756
364-31-4790,Claudie,Churchard,cchurchard3o@home.pl,6802745833
358-63-0481,Cornelle,Farfoot,cfarfoot3p@virginia.edu,2541917016
207-14-7619,Austin,Posner,aposner3q@infoseek.co.jp,9743839899
361-37-0745,Broderick,Cutridge,bcutridge3r@admin.ch,2548440077
533-24-5895,Vern,Spikings,vspikings3s@ucla.edu,1105618142
401-68-5981,Northrup,Alabone,nalabone3t@un.org,5381458529
104-01-8360,Nicola,Monday,nmonday3u@census.gov,7908158795
651-98-5280,Ola,Peotz,opeotz3v@discovery.com,2748833042
192-38-5850,Dana,Levington,dlevington3w@chron.com,9724229083
662-23-4887,Nathanael,Odom,nodom3x@umn.edu,8384113907
432-85-5051,Sondra,Gather,sgather3y@earthlink.net,4965682191
873-07-7576,Hakeem,Climer,hclimer3z@fc2.com,3538276324
422-48-8367,Dru,Chadwick,dchadwick40@intel.com,8572805781
463-82-7345,Derward,Kenny,dkenny41@goo.gl,2098508667
455-05-4131,Linn,Honeywood,lhoneywood42@hhs.gov,4693918033
779-08-5217,Wilden,Mapstone,wmapstone43@phpbb.com,5165797165
509-70-4708,Roshelle,Shergill,rshergill44@lulu.com,9635314243
498-74-7908,Tymon,Tern,ttern45@intel.com,4943473405
180-65-6657,Cynthie,Heymann,cheymann46@booking.com,7723779631
822-68-0813,Sanson,Tripp,stripp47@noaa.gov,6575433856
479-04-6794,Leanna,Martindale,lmartindale48@toplist.cz,4635552623
786-09-1266,Miner,Birchner,mbirchner49@technorati.com,8917223542
412-03-1970,Evelin,Colbourn,ecolbourn4a@behance.net,7263712046
319-59-0163,Iris,Klyn,iklyn4b@artisteer.com,1858330225
675-60-0148,Benny,Moorman,bmoorman4c@miibeian.gov.cn,4606186591
747-55-7933,Abbey,Mungan,amungan4d@ibm.com,1716479923
313-67-1210,Riannon,Grigorushkin,rgrigorushkin4e@acquirethisname.com,8863639429
153-62-0109,Rem,Hagyard,rhagyard4f@google.com.au,7778236929
628-83-4742,Irita,Kubelka,ikubelka4g@latimes.com,9751039982
804-28-0334,Torie,Longo,tlongo4h@miibeian.gov.cn,4572340329
829-33-5591,Roley,Mahaddie,rmahaddie4i@gnu.org,6583845044
629-99-4721,Giffie,Viegas,gviegas4j@eventbrite.com,5653685360
382-13-7016,Karel,Kail,kkail4k@a8.net,4941184374
609-12-1731,Kev,Hadland,khadland4l@list-manage.com,8079965831
822-23-6964,Aguistin,MacElholm,amacelholm4m@squidoo.com,8208915790
620-66-1376,Alisha,Treble,atreble4n@360.cn,6372231077
244-44-6970,Delmer,Climson,dclimson4o@theatlantic.com,9415623390
631-34-6861,Zachary,Penbarthy,zpenbarthy4p@hugedomains.com,2918118060
895-05-4157,Jessey,Aleixo,jaleixo4q@blogger.com,4924132237
218-41-2597,Jasun,Bebis,jbebis4r@marketwatch.com,3766511579
515-02-8571,Zerk,Lutwidge,zlutwidge4s@fotki.com,4499284602
773-16-8863,Andriana,Berkelay,aberkelay4t@gov.uk,5718759422
135-83-7493,Gael,Priter,gpriter4u@bloomberg.com,8867240082
420-90-1586,Isa,Goodlake,igoodlake4v@mtv.com,1362010436
360-88-3612,Jocelyn,Seaward,jseaward4w@mapquest.com,4944552026
409-02-1447,Agnella,Dews,adews4x@newsvine.com,1394995323
677-07-4881,Dasie,Thompson,dthompson4y@vimeo.com,3368861020
694-99-1533,Lalo,Roose,lroose4z@nsw.gov.au,7835073740
874-98-9698,Desmund,Guyet,dguyet50@ucoz.com,5121979112
116-02-9436,Desmund,Woosnam,dwoosnam51@whitehouse.gov,5107351190
492-80-4940,Nicola,Morena,nmorena52@bandcamp.com,6572896767
321-93-9383,Emilio,Goodram,egoodram53@time.com,6205138055
165-54-6533,Harriette,Sansam,hsansam54@gnu.org,1448446925
661-04-5190,Darcey,MacIlurick,dmacilurick55@oakley.com,7463165609
560-47-3794,Dunstan,Fennick,dfennick56@china.com.cn,4477854845
660-02-2403,Courtney,Jorioz,cjorioz57@house.gov,2522610064
332-60-8638,Leonie,Boadby,lboadby58@twitter.com,2973247126
614-17-0702,Taite,Dillingham,tdillingham59@huffingtonpost.com,2251077298
424-08-4240,Jermain,Veschambes,jveschambes5a@europa.eu,8796165117
654-35-8337,Morley,Spier,mspier5b@twitpic.com,8007031207
630-82-1012,Herschel,Harrigan,hharrigan5c@senate.gov,3788000998
743-88-7328,Clywd,Foulkes,cfoulkes5d@sciencedirect.com,8543329098
695-84-3222,Wilhelmina,Tillman,wtillman5e@cbslocal.com,5752110821
180-76-7961,Helena,Hyde-Chambers,hhydechambers5f@answers.com,1458141703
587-56-4378,Marielle,Rallings,mrallings5g@zdnet.com,3972769612
540-59-8739,Patrice,Frail,pfrail5h@ifeng.com,1351794992
313-07-2377,Adair,Danilyak,adanilyak5i@si.edu,7064500016
721-31-5710,Annemarie,Beaushaw,abeaushaw5j@typepad.com,6659668167
513-05-1565,Kristan,Dake,kdake5k@wix.com,2852843230
685-42-1206,Barby,Maddaford,bmaddaford5l@elpais.com,2669475733
584-19-4397,Davey,Snazle,dsnazle5m@ftc.gov,6044349958
148-76-8264,Twila,Duxbury,tduxbury5n@histats.com,7431287060
200-16-4376,Georgeta,Jeannin,gjeannin5o@umich.edu,6592255349
153-25-1216,Jacquie,McGibbon,jmcgibbon5p@hibu.com,6926086608
493-92-4772,Kirsteni,Rodgman,krodgman5q@yolasite.com,4839831684
342-34-7617,Gypsy,Cordier,gcordier5r@about.com,3297502348
367-41-3934,Eugenio,Birk,ebirk5s@amazonaws.com,8242204808
466-65-6029,Aviva,Skade,askade5t@naver.com,9504744956
110-06-0494,Etti,Santello,esantello5u@jigsy.com,4299609878
866-82-3801,Rog,Fransinelli,rfransinelli5v@prlog.org,3197463735
369-06-1134,Mallissa,Grigoryov,mgrigoryov5w@examiner.com,2734953014
500-31-1389,Nick,Josefsohn,njosefsohn5x@comsenz.com,9926319666
803-92-3804,Isak,Wedderburn,iwedderburn5y@youku.com,1611819123
344-21-8897,Pepi,Pues,ppues5z@github.io,9935966227
137-46-4623,Haydon,Astles,hastles60@tamu.edu,3975461792
391-17-4202,Maximilianus,De Ruel,mderuel61@vkontakte.ru,2836967873
877-43-9701,Bab,Fredi,bfredi62@sakura.ne.jp,5581129017
538-34-9679,Winn,Leonida,wleonida63@wired.com,6365253375
649-48-5570,Loella,Dovidian,ldovidian64@twitpic.com,2193343748
502-55-5574,Jeralee,Winham,jwinham65@chron.com,7885183353
871-01-2880,Flint,Suller,fsuller66@posterous.com,4564498143
681-60-5453,Mitchael,Ashbolt,mashbolt67@xing.com,5908857636
502-01-1644,Karmen,McJarrow,kmcjarrow68@answers.com,9215972637
785-42-5589,Stanislaw,Waddilow,swaddilow69@ft.com,3085491900
644-70-6064,Brendon,Fayne,bfayne6a@ted.com,9859629470
549-51-3330,Clayton,Oty,coty6b@w3.org,2226337001
683-92-3552,Caz,Boylund,cboylund6c@fotki.com,7213446614
789-13-0204,Ajay,Farloe,afarloe6d@scribd.com,1714033524
621-66-5869,Mayer,Simak,msimak6e@thetimes.co.uk,8339894465
683-83-9238,Jodi,Badsworth,jbadsworth6f@bbc.co.uk,4489112477
204-09-2008,Charmain,Kaes,ckaes6g@washington.edu,4231653188
755-90-2958,Mark,Care,mcare6h@umich.edu,7976184201
635-65-7983,Case,Strongman,cstrongman6i@is.gd,2285462621
217-79-4148,Imogene,Godridge,igodridge6j@china.com.cn,7561606019
145-81-0160,Henrie,Struijs,hstruijs6k@issuu.com,8065686545
679-69-5188,Simonette,Chapple,schapple6l@bbc.co.uk,7294172995
415-95-7555,Garek,Agott,gagott6m@sciencedaily.com,8647544669
159-02-8315,Luis,Franceschielli,lfranceschielli6n@imdb.com,6562289139
425-34-7249,Jake,Sarson,jsarson6o@hp.com,2338624925
277-75-0115,Nissy,McDonagh,nmcdonagh6p@etsy.com,4089155322
696-69-3506,Stuart,Laverty,slaverty6q@netvibes.com,9171419043
286-06-6848,Rikki,Clinkard,rclinkard6r@ucoz.ru,9058887895
314-26-8077,Mignonne,Nequest,mnequest6s@miibeian.gov.cn,9026167901
689-56-8634,Willie,Harse,wharse6t@who.int,3208757852
659-80-7713,Ebonee,Hulkes,ehulkes6u@redcross.org,2433769378
841-62-8160,Aurore,Herreran,aherreran6v@feedburner.com,1944293116
491-09-8800,Janaya,Butt Gow,jbuttgow6w@ask.com,8843899762
362-72-1067,Jacquelyn,Malicki,jmalicki6x@latimes.com,1746593403
213-18-6090,Griz,Dyshart,gdyshart6y@abc.net.au,6327261206
858-49-3870,Gabbey,Trayton,gtrayton6z@phoca.cz,7448880791
827-36-9086,Gideon,Hatton,ghatton70@nasa.gov,9655446184
545-47-6803,Anestassia,Steed,asteed71@jalbum.net,3729714387
500-97-3074,Robbie,Powys,rpowys72@paypal.com,5325742825
508-74-4510,Vina,Strutley,vstrutley73@whitehouse.gov,7972241463
181-12-6810,Sydelle,Cleere,scleere74@hao123.com,9151872807
745-73-5108,Arte,McShee,amcshee75@un.org,1874430880
893-25-4000,Issi,Eagleton,ieagleton76@macromedia.com,2563071648
139-58-6261,Blaire,Rudloff,brudloff77@nature.com,5444971897
436-76-8519,Julietta,Crosi,jcrosi78@yolasite.com,7303681543
893-29-6062,Kaylil,Huggen,khuggen79@howstuffworks.com,4669799921
650-52-2205,Francklin,Gandey,fgandey7a@dagondesign.com,9374149863
164-58-5006,Babbie,Hairyes,bhairyes7b@squarespace.com,7771435295
283-19-6047,Di,Railton,drailton7c@unicef.org,8677491499
533-51-0262,Graham,De Moreno,gdemoreno7d@wsj.com,1955245638
345-41-1958,Violetta,Aymeric,vaymeric7e@rediff.com,2677130883
237-80-0305,Brodie,McHaffy,bmchaffy7f@moonfruit.com,6751037779
691-66-3302,Alan,Lambourne,alambourne7g@shop-pro.jp,1259876682
852-46-9092,Denver,Giovanni,dgiovanni7h@ning.com,7657995227
829-22-4131,Waldo,Cust,wcust7i@hud.gov,9494098569
609-02-2422,Fredric,Lappin,flappin7j@reddit.com,4407694423
783-10-6960,Marijo,Etoile,metoile7k@disqus.com,1228716315
722-39-3239,Freida,Petrasch,fpetrasch7l@hc360.com,4892061323
253-01-3415,Neysa,Keaveny,nkeaveny7m@gmpg.org,3761801288
889-89-5422,Lisette,Johann,ljohann7n@cbslocal.com,7182866058
577-66-6462,Slade,Buy,sbuy7o@homestead.com,3321312962
201-05-7551,Port,Snowman,psnowman7p@ovh.net,6246365901
672-56-4167,Kristian,Kmicicki,kkmicicki7q@quantcast.com,6195002724
479-91-1870,Boycey,Sherland,bsherland7r@e-recht24.de,1308683664
662-52-3881,Natalina,Longdon,nlongdon7s@photobucket.com,7843308109
844-62-1125,Vasilis,Canedo,vcanedo7t@livejournal.com,4324984924
766-57-9728,Elene,Bothram,ebothram7u@admin.ch,4423016714
428-73-6757,Ettie,Mapp,emapp7v@uiuc.edu,7064603259
283-14-2495,Cyrille,Tees,ctees7w@studiopress.com,5492723592
366-92-1480,Liane,Haldin,lhaldin7x@qq.com,6116376019
516-78-4060,Jody,Casham,jcasham7y@tinypic.com,6187537281
419-65-6174,Gregorius,Holtom,gholtom7z@salon.com,9933650930
841-25-7999,Trisha,Morrilly,tmorrilly80@printfriendly.com,4256930561
773-87-0307,Burty,Lochrie,blochrie81@cnbc.com,3154642459
232-67-5691,Humfrid,Dingsdale,hdingsdale82@github.io,3251116088
253-33-9496,Nell,Blackham,nblackham83@hhs.gov,4147983362
168-91-0040,Harmonia,Blackaller,hblackaller84@mysql.com,4701099035
820-92-5783,Pegeen,Twiggs,ptwiggs85@geocities.jp,3469936754
262-46-2981,Hilario,Cisec,hcisec86@nsw.gov.au,2415210027
543-65-4498,Queenie,Delepine,qdelepine87@theguardian.com,3519646725
715-99-9505,Martyn,Duce,mduce88@chronoengine.com,7993817602
233-04-1081,Anabella,Bohling,abohling89@about.me,9023977388
192-72-8439,Vince,Valiant,vvaliant8a@cloudflare.com,8883403827
382-40-9461,Jock,Frankland,jfrankland8b@hud.gov,2423275113
332-71-9235,Guilbert,Gilliatt,ggilliatt8c@oakley.com,1728546994
321-61-6406,Dewain,Cogger,dcogger8d@un.org,8445179189
505-38-2166,Noel,Klimkov,nklimkov8e@cmu.edu,7857997209
566-20-3463,Gaby,Marguerite,gmarguerite8f@wired.com,4658247882
624-04-1212,Jana,Ratke,jratke8g@indiegogo.com,9365776724
401-79-5838,Morgana,Scarrott,mscarrott8h@hostgator.com,3911017164
891-37-2499,Emelen,Havers,ehavers8i@tinyurl.com,8223574634
440-33-4514,Doralynn,McGeneay,dmcgeneay8j@jiathis.com,1387515768
296-05-2598,Erda,Clemont,eclemont8k@amazon.co.uk,8844187436
338-48-7939,Calhoun,Gimber,cgimber8l@macromedia.com,4846138765
427-79-8162,Godfrey,Baraja,gbaraja8m@photobucket.com,8904500928
621-74-1798,Fin,Gisbye,fgisbye8n@businessweek.com,4152574130
758-63-6274,Shalne,Geraudel,sgeraudel8o@mediafire.com,7823564232
899-98-5877,Courtnay,Cheltnam,ccheltnam8p@apple.com,9481221032
777-02-0022,Leeann,de Aguirre,ldeaguirre8q@lycos.com,7665475519
239-70-8520,Yves,Symmers,ysymmers8r@whitehouse.gov,4888005925
522-94-8279,Cissiee,Ramsay,cramsay8s@wikimedia.org,4978841419
321-89-2314,Lammond,Bauduin,lbauduin8t@phoca.cz,5581240368
795-73-7620,Burg,Ayliffe,bayliffe8u@cam.ac.uk,7402858552
215-53-8136,Pegeen,Seak,pseak8v@pinterest.com,1238398869
892-58-4737,Valaree,Samet,vsamet8w@unicef.org,3336381971
330-12-5631,Myrlene,Tremblett,mtremblett8x@timesonline.co.uk,7648364081
665-31-5048,Fayette,Skittrall,fskittrall8y@china.com.cn,3258325793
287-28-3332,Ugo,Malam,umalam8z@friendfeed.com,4385540623
383-76-3337,Gifford,Nickerson,gnickerson90@merriam-webster.com,2101701622
242-89-4351,Vi,Beake,vbeake91@sogou.com,5144402422
807-47-3034,Ody,Pandey,opandey92@craigslist.org,8107580732
445-66-3231,Rossy,Loins,rloins93@wired.com,2353585507
475-76-8484,Faustina,Abramovic,fabramovic94@washington.edu,9065514710
503-85-9482,Bibbye,McCarrison,bmccarrison95@vinaora.com,3074020780
373-48-0801,Gertruda,Nendick,gnendick96@businessweek.com,2129184881
618-48-8494,Jesse,Aubri,jaubri97@cpanel.net,4527260585
710-90-8041,Kelly,Cecil,kcecil98@weebly.com,5729270339
746-79-0484,Drona,Tapner,dtapner99@hc360.com,3351832893
393-97-4477,Elene,Stoyles,estoyles9a@gnu.org,7468203544
856-28-2701,Rosabella,Oldaker,roldaker9b@epa.gov,4336758005
276-07-8939,Kerianne,Garraway,kgarraway9c@miitbeian.gov.cn,4207546420
634-01-8348,Reginald,Revens,rrevens9d@xinhuanet.com,6865649575
817-81-6739,Loren,Brogden,lbrogden9e@stanford.edu,8455364678
743-86-5061,Clementine,Hesbrook,chesbrook9f@guardian.co.uk,8795953995
295-40-9911,Elene,Eplate,eeplate9g@ed.gov,3174285246
473-13-8943,Edlin,Sperling,esperling9h@opensource.org,7465615453
378-60-3726,Marven,Hardcastle,mhardcastle9i@ifeng.com,7629824907
455-08-3643,Alethea,Dosdale,adosdale9j@prlog.org,2436744533
182-73-9409,Drugi,Rennles,drennles9k@nhs.uk,8787583859
213-25-4729,Alfi,Grier,agrier9l@ovh.net,8307370488
647-13-3702,Kalil,Roly,kroly9m@google.pl,4028164332
811-26-8374,Fidelity,Mattocks,fmattocks9n@google.com,1568114049
799-54-1974,Julie,Hawson,jhawson9o@sfgate.com,4748864874
203-21-6160,Bee,Welsby,bwelsby9p@xrea.com,1516518985
272-02-4239,Welby,Willmer,wwillmer9q@google.co.jp,2742992550
249-51-4112,Othilia,Ollarenshaw,oollarenshaw9r@hexun.com,4007167542
395-27-7929,Gunilla,Pamphilon,gpamphilon9s@washingtonpost.com,1112339234
772-05-9030,Delcina,Webb,dwebb9t@diigo.com,7282456874
157-91-6513,Ewan,Cubuzzi,ecubuzzi9u@flickr.com,7281877034
618-33-8711,Dyana,Cuniffe,dcuniffe9v@noaa.gov,8311174740
768-52-0227,Aindrea,Lief,alief9w@techcrunch.com,5034821298
793-40-0696,Nalani,Fery,nfery9x@bloglines.com,2327468774
856-55-7349,Marylynne,Lacy,mlacy9y@umn.edu,4548502505
157-03-4768,Gerty,Filson,gfilson9z@macromedia.com,9519143611
640-40-7553,Melosa,Saltsberg,msaltsberga0@vkontakte.ru,2845036592
799-96-9985,Alexio,Farndell,afarndella1@digg.com,1224223622
510-51-9058,Konstantin,enzley,kenzleya2@bigcartel.com,8078917241
877-29-7151,Hamilton,Babbe,hbabbea3@oakley.com,9074112322
424-06-7796,Jackelyn,Mc Caughen,jmccaughena4@abc.net.au,7927213486
614-31-7319,Hasheem,Calway,hcalwaya5@yolasite.com,4689587750
487-26-6421,Kaela,Fewell,kfewella6@ted.com,2612053323
258-64-4521,Dolf,Toplis,dtoplisa7@networksolutions.com,8747137797
742-86-0544,Amalea,Bearward,abearwarda8@mashable.com,9482098085
361-87-9477,Ardisj,Hickisson,ahickissona9@buzzfeed.com,1058053770
122-20-2650,Nonie,Atthow,natthowaa@biglobe.ne.jp,4356672042
758-65-0538,Gay,Kibblewhite,gkibblewhiteab@artisteer.com,6629593144
169-39-3558,Raimund,Robathon,rrobathonac@time.com,5534600610
791-56-3375,Heall,Mearing,hmearingad@weibo.com,4772455654
154-14-4920,Addison,MacCafferky,amaccafferkyae@hc360.com,5802044707
692-15-9523,Shelby,McNeilley,smcneilleyaf@loc.gov,3033309370
891-05-0397,Blakelee,Jacketts,bjackettsag@sun.com,5582204202
426-68-4491,Essie,Kilpin,ekilpinah@squarespace.com,4063808086
303-19-7094,Peyton,Hairesnape,phairesnapeai@pen.io,6417427452
852-30-5486,Bamby,Berndtsson,bberndtssonaj@fda.gov,2075035552
871-58-3980,Jarvis,Gummow,jgummowak@multiply.com,7456125976
892-46-5232,Benji,Whitaker,bwhitakeral@hc360.com,3826912073
563-74-4800,Diannne,Offa,doffaam@hhs.gov,6207467255
630-03-0920,Ripley,Stangoe,rstangoean@hp.com,2116114563
617-87-6961,Wilden,Such,wsuchao@noaa.gov,5729144797
628-44-8799,Cliff,Charity,ccharityap@360.cn,8661973434
874-29-8043,Sallyann,Hasty,shastyaq@reuters.com,7837874562
452-58-8458,Daffi,Ogers,dogersar@netscape.com,3699045550
692-78-7996,Rosabelle,Bowdon,rbowdonas@lulu.com,2409052025
442-31-1056,Lyell,Goaley,lgoaleyat@meetup.com,8927227537
317-17-3966,Damon,Wrettum,dwrettumau@china.com.cn,8736054644
105-67-7826,Nonie,Svanetti,nsvanettiav@t.co,7885487138
394-37-2958,Gil,Lorait,gloraitaw@nba.com,9288319765
850-45-1715,Laura,Andreoletti,landreolettiax@godaddy.com,5159788811
668-54-8930,Matilde,Robjant,mrobjantay@dropbox.com,6305623173
379-56-5298,Marc,Biskupiak,mbiskupiakaz@mozilla.org,6178284675
885-71-5111,Goldy,Profit,gprofitb0@theguardian.com,7339955846
462-60-9687,Caril,Winsom,cwinsomb1@google.es,9263608905
503-95-7627,Richart,Kubelka,rkubelkab2@joomla.org,3548261769
881-02-4635,Modesta,Garretson,mgarretsonb3@earthlink.net,8099490301
269-03-7400,Catina,Lawrenson,clawrensonb4@buzzfeed.com,7047977880
543-62-5306,Nevin,Fowley,nfowleyb5@home.pl,4002848385
311-46-8344,Leif,Mant,lmantb6@biblegateway.com,1871704506
611-21-2101,Giavani,Firle,gfirleb7@alibaba.com,8016664102
162-37-4327,Mile,Lomas,mlomasb8@home.pl,3519016294
124-80-9350,Thomasin,Jerzycowski,tjerzycowskib9@netvibes.com,5678325846
303-67-4156,Leontine,Kembery,lkemberyba@hexun.com,3367091795
277-01-3162,Tiebout,Roma,tromabb@privacy.gov.au,2036679796
376-65-2058,Faye,Cuthbertson,fcuthbertsonbc@mashable.com,6696606090
824-01-4686,Niall,Figin,nfiginbd@merriam-webster.com,9836312536
491-67-6232,Jayme,Steuart,jsteuartbe@meetup.com,1382844476
554-82-2546,Mayor,Pirdy,mpirdybf@epa.gov,3906053550
189-68-3933,Barde,Slark,bslarkbg@shutterfly.com,5833685626
759-74-4405,Claudine,Housego,chousegobh@twitpic.com,9407260863
381-74-8807,Jasmina,Klein,jkleinbi@archive.org,1277507175
613-75-6696,Reina,Vance,rvancebj@bandcamp.com,3514986614
354-47-7500,Gerik,Wallington,gwallingtonbk@shinystat.com,7446654388
514-58-2502,Aksel,Sexten,asextenbl@epa.gov,1736381586
689-91-1843,Kathryne,Hitzmann,khitzmannbm@quantcast.com,3114712623
871-72-9938,Flossi,Yesenin,fyeseninbn@marketwatch.com,2541368816
688-99-2686,Cam,Browett,cbrowettbo@devhub.com,6908566164
427-92-3882,Charlotte,Luis,cluisbp@narod.ru,4221048336
493-45-9915,Marcie,Dyott,mdyottbq@fc2.com,7515169012
546-26-4689,Elisha,Lodden,eloddenbr@upenn.edu,1514768267
495-03-8168,Corby,Baroche,cbarochebs@apple.com,8361554081
461-73-3353,Brenn,Stockle,bstocklebt@soundcloud.com,1747899131
126-76-2843,Blisse,Lavington,blavingtonbu@bravesites.com,8924791010
732-36-1378,Jolee,Dudliston,jdudlistonbv@ed.gov,6155771222
571-79-3669,Jehanna,Maggill'Andreis,jmaggillandreisbw@bravesites.com,6347839094
322-53-6395,Gearalt,Petzolt,gpetzoltbx@bbb.org,6586905817
431-23-9179,Odelia,Boldecke,oboldeckeby@cornell.edu,6801404025
529-19-7673,Louisette,Kittredge,lkittredgebz@aol.com,3627833299
510-76-9140,Eddi,Rawcliffe,erawcliffec0@booking.com,1916698879
340-71-4472,Patti,Aubrun,paubrunc1@economist.com,6149563327
553-40-5513,Tessi,Pevreal,tpevrealc2@sphinn.com,9568854588
613-26-2869,Madel,Gunda,mgundac3@samsung.com,9511026397
490-75-2223,Twila,Parris,tparrisc4@cargocollective.com,6861600352
459-68-4822,Bernard,Izacenko,bizacenkoc5@studiopress.com,9012319593
774-48-3261,Marylinda,Kmicicki,mkmicickic6@cbc.ca,6752188502
117-06-0534,Joana,Rivelon,jrivelonc7@flavors.me,2704425871
176-86-5488,Barri,Domenico,bdomenicoc8@cbc.ca,3533858231
799-58-0012,Gardner,Cudmore,gcudmorec9@theglobeandmail.com,5822299236
345-74-5707,Alfredo,Standering,astanderingca@bluehost.com,1352156172
149-07-6412,Jean,Huckster,jhuckstercb@jigsy.com,5118039037
369-13-5470,Karon,McCambrois,kmccambroiscc@vinaora.com,8473630048
517-12-2377,Dynah,Viger,dvigercd@sfgate.com,3598995851
318-21-6094,Antonina,Nurny,anurnyce@woothemes.com,3985573513
745-88-0836,Denice,Wharf,dwharfcf@simplemachines.org,7835801338
659-05-8491,Malinda,Sealy,msealycg@cbc.ca,2465431948
670-74-8367,Hill,Alsina,halsinach@statcounter.com,6978868574
695-18-7612,Tessie,Hutable,thutableci@desdev.cn,6452036914
678-87-1522,Gwenora,Bagot,gbagotcj@icio.us,7867912082
386-53-4526,Aylmar,Downe,adowneck@oracle.com,8138731488
683-84-7020,Stacia,Bulch,sbulchcl@patch.com,3999208802
781-05-8701,Zarah,Louys,zlouyscm@dagondesign.com,2269352684
258-98-9274,Aurelea,Goodoune,agoodounecn@adobe.com,6009749567
763-14-8918,Jarret,Vise,jviseco@webmd.com,7695927092
881-77-2939,Ricardo,Ceeley,rceeleycp@is.gd,8197582757
259-74-3082,Lammond,Kemmer,lkemmercq@printfriendly.com,4612875110
159-97-9270,Almira,Thor,athorcr@uiuc.edu,7811813733
803-08-3276,Eve,Micklewicz,emicklewiczcs@mapquest.com,1179673184
598-11-5184,Lilla,Badini,lbadinict@creativecommons.org,2274840143
829-55-8983,Hamel,McCarlich,hmccarlichcu@weibo.com,9067680468
876-73-1812,Aurelie,Raithbie,araithbiecv@arstechnica.com,6555256027
234-02-5226,Katuscha,Tegeller,ktegellercw@cnn.com,5688042587
602-17-4517,Dael,Vasyatkin,dvasyatkincx@moonfruit.com,2746352045
712-86-3582,Athene,Kunert,akunertcy@printfriendly.com,9831510897
706-25-9257,Ebba,Ronchi,eronchicz@ted.com,8132329125
470-12-7920,Claudie,Cantwell,ccantwelld0@icio.us,8624760479
527-81-1386,Louisette,Fairholm,lfairholmd1@salon.com,9133742684
538-02-7321,Odo,Jouen,ojouend2@chicagotribune.com,8608791661
521-38-0068,Jeana,Bensen,jbensend3@geocities.jp,1668198240
686-38-5659,Giles,Axell,gaxelld4@dailymail.co.uk,8651030273
388-65-1111,Dorelle,Fowlston,dfowlstond5@hugedomains.com,4135492325
639-39-9586,Ivie,Lightning,ilightningd6@abc.net.au,2105219890
259-68-6665,Allyson,Billinge,abillinged7@themeforest.net,2839843589
585-59-9933,Cyndie,Penner,cpennerd8@mail.ru,1515911043
406-13-6392,Willi,Elflain,welflaind9@nytimes.com,4328344329
716-89-9067,Siouxie,Eastabrook,seastabrookda@github.io,9901591469
509-62-5540,Hedvige,Hutchens,hhutchensdb@hostgator.com,8255283079
527-51-8273,Roddy,Ollarenshaw,rollarenshawdc@walmart.com,2893807016
582-25-3676,Lynn,Kornyakov,lkornyakovdd@nydailynews.com,7291416291
892-55-8775,Issi,Collin,icollinde@forbes.com,9413636316
719-44-9532,Roze,Thame,rthamedf@prweb.com,3988288719
258-63-5769,Lucinda,Georgel,lgeorgeldg@miibeian.gov.cn,4081000770
162-62-0877,Roxane,McNevin,rmcnevindh@fastcompany.com,8046311669
241-57-1877,Gerianne,Cowdery,gcowderydi@feedburner.com,6844640268
236-59-2147,Easter,Pietruszka,epietruszkadj@nifty.com,2424510165
460-30-7294,Maddie,Alstead,malsteaddk@csmonitor.com,6214770523
600-09-5447,Elwin,Voff,evoffdl@ebay.com,4517041084
898-99-1790,Roman,Ballantyne,rballantynedm@telegraph.co.uk,9994644347
106-31-5479,Valentina,Willbourne,vwillbournedn@chronoengine.com,2669967852
357-44-2858,Daphna,Truse,dtrusedo@miitbeian.gov.cn,2055198793
318-51-7891,Pincus,Kinnear,pkinneardp@addtoany.com,1239690921
341-17-5757,Merle,Petriello,mpetriellodq@yahoo.co.jp,4626907936
834-87-8900,Taffy,Sellor,tsellordr@europa.eu,2082010213
153-84-9072,Layney,Trevains,ltrevainsds@vkontakte.ru,3454052268
358-35-0509,Stephen,Busch,sbuschdt@netscape.com,2478025199
260-02-9862,Therese,Lodwig,tlodwigdu@sbwire.com,7603198896
649-03-9435,Vassily,Peirpoint,vpeirpointdv@scientificamerican.com,3666112022
302-48-2421,Beverley,Spataro,bspatarodw@bravesites.com,2703947170
862-45-3939,Hubey,De Benedetti,hdebenedettidx@simplemachines.org,2318036124
647-65-6764,Ericha,Aireton,eairetondy@google.it,3131443756
635-12-1340,Pia,McSaul,pmcsauldz@cbsnews.com,3549621891
516-01-0400,Douglass,Kincaid,dkincaide0@tinyurl.com,2558399228
505-67-3375,Carroll,Wemyss,cwemysse1@msu.edu,2957058875
571-46-6314,Elisabet,Kleinholz,ekleinholze2@example.com,1471335239
516-19-5740,Jehu,Jaimez,jjaimeze3@ycombinator.com,3978851873
850-64-1968,Myranda,Pittendreigh,mpittendreighe4@usatoday.com,9178775322
194-61-8674,Eudora,Tremollet,etremollete5@loc.gov,6974483096
488-07-8860,Adrien,Sybbe,asybbee6@admin.ch,1648492893
516-71-4190,Hortensia,Vlach,hvlache7@smugmug.com,3193550012
725-39-1189,Christalle,Lidell,clidelle8@storify.com,3527324476
575-44-5012,Tracey,Pepperill,tpepperille9@sphinn.com,9361922831
779-58-9950,Briny,McElvine,bmcelvineea@indiatimes.com,4202722723
172-45-0586,Lucia,Feldman,lfeldmaneb@indiegogo.com,2743774532
356-21-3535,Carey,Davidov,cdavidovec@timesonline.co.uk,2054335133
683-53-7630,Dix,Broomhead,dbroomheaded@php.net,9172426494
284-75-1773,Emelita,Daniely,edanielyee@smh.com.au,3675386380
318-20-4244,Danni,Bulch,dbulchef@ycombinator.com,7733232061
884-25-3113,Renae,Goodluck,rgoodluckeg@barnesandnoble.com,3267271824
877-45-8606,Marty,Clayden,mclaydeneh@irs.gov,2972950471
549-96-5994,Zenia,Steddall,zsteddallei@fda.gov,7171269116
524-91-6885,Susanne,Georgot,sgeorgotej@patch.com,3548002981
286-37-8555,Whitaker,Twelftree,wtwelftreeek@mashable.com,1419158061
117-78-2060,Rafaelia,Windous,rwindousel@soundcloud.com,2331515681
359-21-7424,Englebert,Downage,edownageem@discovery.com,2696060315
655-35-7643,Annamaria,Karlmann,akarlmannen@upenn.edu,8553160647
231-45-2976,Ennis,Pensom,epensomeo@qq.com,2975770332
737-85-8989,Winona,Dalziell,wdalziellep@youtube.com,5196610287
679-23-3406,Ethel,Gurg,egurgeq@ustream.tv,7477883475
144-38-9238,Trish,Pendle,tpendleer@auda.org.au,9265324973
344-36-4819,Loren,Bronot,lbronotes@rakuten.co.jp,5382311827
798-80-8504,Anatole,Sprague,aspragueet@theglobeandmail.com,3503495870
163-47-7421,Theresina,Pfeifer,tpfeifereu@furl.net,1309708951
146-69-7275,Dodi,Swiffin,dswiffinev@noaa.gov,6548906520
460-06-0422,Drew,New,dnewew@usatoday.com,8441712365
679-30-0539,Dyane,Baglan,dbaglanex@shareasale.com,1804612082
799-99-1608,Frederigo,Menham,fmenhamey@berkeley.edu,3167611069
684-14-1222,Bliss,Roon,broonez@chicagotribune.com,5152822560
218-50-2057,Gavan,Blazevic,gblazevicf0@cornell.edu,4994916479
524-82-7018,Charmion,Rustich,crustichf1@purevolume.com,5762301532
226-49-3894,Chrystal,Maypother,cmaypotherf2@disqus.com,1351216162
466-68-2260,Alonso,Jakobssen,ajakobssenf3@hatena.ne.jp,1427579430
444-66-4787,Craig,Luesley,cluesleyf4@ovh.net,7041323476
518-52-3944,Augustus,Gammet,agammetf5@alibaba.com,7981485052
883-92-1001,Elysee,Cornejo,ecornejof6@bloglovin.com,5823324663
524-91-3097,Kasey,Preskett,kpreskettf7@army.mil,2277646714
643-85-1271,Dianna,Spurr,dspurrf8@technorati.com,1128263909
386-50-8841,Roxi,Richmond,rrichmondf9@intel.com,1956420286
589-45-9647,Janith,Iffland,jifflandfa@cocolog-nifty.com,7634738697
256-40-8342,Kippy,Really,kreallyfb@ft.com,3747014944
589-64-6206,Samara,Langwade,slangwadefc@google.fr,6748137648
145-19-8419,Lilllie,Quemby,lquembyfd@kickstarter.com,7415923895
262-57-3957,Merrel,Cline,mclinefe@diigo.com,6193615561
735-94-6347,Elston,Burtwhistle,eburtwhistleff@auda.org.au,9273796062
813-42-9304,Alberto,Cunio,acuniofg@desdev.cn,6631583380
102-01-0253,Karil,Iredale,kiredalefh@businessinsider.com,1279792391
286-07-2079,Leanora,Fairbourne,lfairbournefi@eepurl.com,5927508295
398-35-6243,Lynn,Digg,ldiggfj@alibaba.com,2153005435
348-37-8785,Britteny,Estrella,bestrellafk@irs.gov,3863326259
630-55-0367,Ingmar,Tackell,itackellfl@chronoengine.com,3611133269
411-63-3363,Faustina,MacMaykin,fmacmaykinfm@geocities.jp,5073249646
188-48-4691,Janey,Bertholin,jbertholinfn@mozilla.org,7408758621
604-95-7647,Reed,Trusslove,rtrusslovefo@myspace.com,8676838271
555-17-0327,Bev,Hookes,bhookesfp@nymag.com,1449393507
154-65-1274,Doretta,Daudray,ddaudrayfq@livejournal.com,6369795096
464-20-1905,Currey,Skitt,cskittfr@quantcast.com,5767068021
276-62-6265,Dita,Tippett,dtippettfs@upenn.edu,6294128843
581-55-4555,Raddie,Hamblyn,rhamblynft@slashdot.org,2158508528
311-59-3982,Dorelle,Fetteplace,dfetteplacefu@springer.com,2388051509
589-70-6085,Filide,Bubb,fbubbfv@w3.org,8921160914
713-89-8270,Lexis,Dearing,ldearingfw@yellowbook.com,6105950541
234-15-4057,Genovera,Hockell,ghockellfx@freewebs.com,2051127776
570-27-5319,Seana,Blincowe,sblincowefy@photobucket.com,8092678502
161-74-8890,Rania,Castagna,rcastagnafz@reuters.com,9741550741
256-21-9123,Arabella,Posselow,aposselowg0@clickbank.net,9445025614
722-94-2419,Owen,Westerman,owestermang1@phpbb.com,3192257927
525-92-8994,Sadie,Indruch,sindruchg2@bbc.co.uk,5251209568
585-48-9388,Grete,Itzakson,gitzaksong3@deviantart.com,4251327589
816-33-6029,Barby,Ruddiforth,bruddiforthg4@dailymotion.com,3604988138
861-47-8313,Munroe,MacSharry,mmacsharryg5@sfgate.com,7162195185
368-58-4553,Emmerich,De Bruyne,edebruyneg6@free.fr,4856474668
715-47-6980,Kiley,Montes,kmontesg7@wikipedia.org,3564409073
734-20-6716,Bank,Schruyer,bschruyerg8@51.la,7313505163
597-47-3509,Stacia,Fallis,sfallisg9@weebly.com,2671412996
316-97-1700,Marco,Stollery,mstolleryga@wsj.com,5385488061
306-34-8430,Claus,Castanho,ccastanhogb@omniture.com,7323797546
271-11-1198,Frayda,Varah,fvarahgc@ucsd.edu,9875040325
370-88-7100,Bobbie,Lars,blarsgd@yandex.ru,8581403231
895-66-0206,Corine,Trahair,ctrahairge@meetup.com,9608385669
186-82-5497,Vic,Gilbanks,vgilbanksgf@gravatar.com,3297592098
557-68-1582,Lowell,Como,lcomogg@blogs.com,7258954448
550-66-3901,Elsa,McGloin,emcgloingh@sogou.com,9409560803
620-27-9219,Jorie,Steels,jsteelsgi@ftc.gov,6512088547
480-68-7437,Haroun,Garnham,hgarnhamgj@webeden.co.uk,5961396136
101-49-8272,Pieter,Ferrieri,pferrierigk@comsenz.com,4735780674
457-97-6751,Annie,Plewright,aplewrightgl@netvibes.com,3077822795
373-45-0230,Lorinda,Magor,lmagorgm@google.com.au,1525799361
196-49-3882,Peter,Halford,phalfordgn@nbcnews.com,4358443104
227-78-8080,Oby,Ruddle,oruddlego@google.ru,7697433150
474-13-1326,Danny,Nottram,dnottramgp@harvard.edu,6222099854
371-07-7353,Flossie,Woodman,fwoodmangq@shareasale.com,8174477705
460-70-3526,Cookie,Genike,cgenikegr@netlog.com,6043621053
203-78-3218,Benedikta,Fiddeman,bfiddemangs@topsy.com,2612930831
571-40-7730,Homere,Twiddy,htwiddygt@so-net.ne.jp,7585622414
527-39-3429,Goldie,Wankling,gwanklinggu@devhub.com,3374443375
822-98-0099,Leeann,Tidcomb,ltidcombgv@nationalgeographic.com,8399613159
612-53-7512,Nannie,Forbes,nforbesgw@bbb.org,9494662847
695-72-0527,Willi,Gerrad,wgerradgx@slideshare.net,5061915506
756-05-2103,Gwenette,Orbell,gorbellgy@netlog.com,6947703235
801-78-6922,Jamima,Van Eeden,jvaneedengz@pen.io,8307863676
620-84-1162,Franky,Brazur,fbrazurh0@hostgator.com,4823325323
225-28-2143,Bethanne,Sekulla,bsekullah1@cnet.com,7858182952
620-53-7132,Amata,Dobbings,adobbingsh2@vkontakte.ru,5845282373
555-87-4751,Amil,Carmo,acarmoh3@china.com.cn,1197037666
652-05-2135,Lavinie,Lamanby,llamanbyh4@yellowpages.com,4005785582
416-22-2644,Pete,Kirlin,pkirlinh5@ca.gov,9958302494
461-93-0842,Clare,Do Rosario,cdorosarioh6@ucla.edu,9682146281
560-55-8829,Hubie,McSporon,hmcsporonh7@google.nl,9393229154
534-32-6146,Raynard,Oldis,roldish8@cornell.edu,3969253110
717-35-3743,Theo,Fargher,tfargherh9@dell.com,8516154933
473-74-4543,Neile,Sawkin,nsawkinha@1und1.de,9972238263
275-85-9183,Davie,Rubinsky,drubinskyhb@dailymail.co.uk,9672272260
862-56-2723,Eirena,Isakson,eisaksonhc@hatena.ne.jp,6366153038
682-33-4511,Boonie,Fenney,bfenneyhd@dot.gov,7148429438
813-20-9166,Jaclyn,Stonuary,jstonuaryhe@gizmodo.com,2125930390
821-39-6020,Erny,Cherry Holme,echerryholmehf@reference.com,8803500172
659-71-0425,Gratia,Caffery,gcafferyhg@cbsnews.com,4859016951
590-96-1537,Duffie,Denniss,ddennisshh@ovh.net,9839401412
227-91-4089,Staci,Laurenz,slaurenzhi@java.com,6352354187
596-43-5513,Hedwiga,Cardenoso,hcardenosohj@technorati.com,7239662499
135-98-9594,Diego,McCuffie,dmccuffiehk@wsj.com,5975285323
815-21-2055,Charity,Wheelhouse,cwheelhousehl@angelfire.com,7844729574
241-29-5548,Teressa,Prodrick,tprodrickhm@icio.us,1313717490
531-82-9498,Jacynth,Meneyer,jmeneyerhn@free.fr,6694322701
137-52-3064,Allys,Cuolahan,acuolahanho@msu.edu,7176552437
214-70-4752,Carling,McGuirk,cmcguirkhp@topsy.com,5599878393
440-41-4641,Edmon,Hellin,ehellinhq@gizmodo.com,5705695148
103-65-7921,Erwin,Clague,eclaguehr@list-manage.com,8812387644
750-93-4485,Othello,Jodkowski,ojodkowskihs@ox.ac.uk,2403221092
649-07-9934,Bruno,MacQuarrie,bmacquarrieht@goodreads.com,2668900793
254-87-1860,Karyn,Sallan,ksallanhu@wufoo.com,2815752350
485-48-1338,Noelle,Rounds,nroundshv@zdnet.com,1621301128
861-24-9342,Aeriell,Glasman,aglasmanhw@cdbaby.com,3071082830
855-01-7125,Deerdre,Rossander,drossanderhx@msu.edu,3544509608
642-81-8629,Haley,Brasener,hbrasenerhy@devhub.com,2434802043
364-72-9344,Harli,Pinhorn,hpinhornhz@histats.com,4218439256
154-25-8477,Collette,Stirman,cstirmani0@google.com.br,3295539592
521-51-1111,Veronike,Hamon,vhamoni1@geocities.com,9521074809
276-80-2326,Malva,Upstell,mupstelli2@cocolog-nifty.com,5055005547
285-41-3512,Valli,Gres,vgresi3@g.co,3341623403
575-51-4740,Gav,Langhorne,glanghornei4@bing.com,7839850519
410-08-2763,Joane,Shooter,jshooteri5@altervista.org,4072101461
890-01-6307,Jemmy,Calafato,jcalafatoi6@dailymotion.com,6272320296
710-26-2797,Ingram,Stockwell,istockwelli7@mediafire.com,9153496735
743-61-3782,Sara,Chaman,schamani8@cnet.com,6398909724
209-05-6549,Darcy,Casebourne,dcasebournei9@upenn.edu,3998244024
838-80-5644,Franny,Blakeslee,fblakesleeia@unesco.org,6364336288
255-75-0494,Allister,Spleving,asplevingib@mlb.com,4119025543
130-29-0880,Danie,Bowra,dbowraic@cbslocal.com,2944855844
509-73-4839,Robby,Joron,rjoronid@google.nl,7672883874
403-86-8668,Celestyna,Lauder,clauderie@hc360.com,7796596717
797-95-8051,Hayes,Cosgriff,hcosgriffif@icio.us,8709989882
123-52-2478,Sasha,McPhater,smcphaterig@chicagotribune.com,3421282972
169-72-3678,Spencer,Garroway,sgarrowayih@huffingtonpost.com,4071415083
417-24-7914,Tybi,Summerrell,tsummerrellii@hhs.gov,2249355170
719-70-7512,Torey,Breznovic,tbreznovicij@qq.com,2627776289
595-08-2821,Tomaso,Tomaszynski,ttomaszynskiik@hao123.com,2344738429
376-81-3315,Liz,Pee,lpeeil@go.com,7132492897
540-24-1041,Franklyn,Beville,fbevilleim@redcross.org,1353826878
325-33-7301,Jarad,Guerola,jguerolain@pbs.org,9814447710
773-28-4520,Gene,Kinzett,gkinzettio@furl.net,2532160725
631-63-1052,Andriette,Wateridge,awateridgeip@slideshare.net,9511389978
363-22-9292,Matthaeus,Piecha,mpiechaiq@statcounter.com,1163699919
270-08-7633,Sheffie,Cartner,scartnerir@delicious.com,8303324600
454-76-7791,Romain,Camerana,rcameranais@blogger.com,9226422937
838-03-8526,Marge,MacCurtain,mmaccurtainit@tinyurl.com,3223928670
214-91-6219,Pascal,Hayden,phaydeniu@harvard.edu,4956550967
664-64-2809,Karin,Matteacci,kmatteacciiv@reference.com,2758069164
739-22-6651,Nicolle,Tink,ntinkiw@fema.gov,4398903147
374-02-7033,Marita,McKinney,mmckinneyix@ovh.net,3518759577
387-02-7196,Kaja,Esbrook,kesbrookiy@xinhuanet.com,6343201833
648-85-2741,Eada,Whistlecroft,ewhistlecroftiz@smugmug.com,2666816856
220-23-5682,Cindee,Pawelczyk,cpawelczykj0@newsvine.com,2239643432
675-29-8941,Bridgette,Jouannisson,bjouannissonj1@bbc.co.uk,8606058649
549-50-0313,Kirsti,Ellacombe,kellacombej2@aboutads.info,9784821512
164-86-1350,Owen,Renneke,orennekej3@pbs.org,1201099945
554-77-1467,Kerri,Kitchen,kkitchenj4@redcross.org,6488797792
244-04-3112,Danika,Haynes,dhaynesj5@mit.edu,5684608643
715-93-4907,Abrahan,Haswall,ahaswallj6@tmall.com,2683623004
432-19-5335,Eartha,Pache,epachej7@e-recht24.de,3125047695
176-56-2828,Tori,Hellmer,thellmerj8@nature.com,6969128007
571-06-4413,Nancie,Voice,nvoicej9@pbs.org,5303745080
368-14-7674,Burr,Drabble,bdrabbleja@arstechnica.com,1794706018
101-46-9600,Kearney,Yanshinov,kyanshinovjb@weather.com,2184697612
667-98-1132,Maynard,Dublin,mdublinjc@omniture.com,6495584200
544-21-3499,Guglielma,Kitteman,gkittemanjd@ihg.com,6621425990
443-06-2103,Morgana,Narbett,mnarbettje@storify.com,9526680659
762-18-0311,Christin,Lipson,clipsonjf@youtube.com,4576863205
736-74-5930,Dorian,Adlem,dadlemjg@pcworld.com,7292779863
117-76-7446,Dorita,Pifford,dpiffordjh@eepurl.com,1261128492
860-75-6921,Ganny,Pietzke,gpietzkeji@prnewswire.com,1994826206
208-11-9525,Bree,Denton,bdentonjj@desdev.cn,5606815574
506-58-7008,Keenan,Yate,kyatejk@accuweather.com,1119820924
462-68-2973,L;urette,Dalligan,ldalliganjl@google.pl,4411832088
861-83-2634,Othello,Janota,ojanotajm@ox.ac.uk,2011691273
574-95-7261,Beret,Aird,bairdjn@nationalgeographic.com,6973489072
716-32-1992,Martina,Bleeze,mbleezejo@sakura.ne.jp,9342025620
286-54-1010,Borden,Burn,bburnjp@creativecommons.org,4197550404
407-53-5985,Stefan,Cuddon,scuddonjq@hibu.com,4801396319
385-65-8516,Jonie,Gonnelly,jgonnellyjr@home.pl,4916966174
381-71-5498,Bertie,Dunderdale,bdunderdalejs@businesswire.com,4722933887
876-12-5731,Easter,Gillebert,egillebertjt@nature.com,8443049422
264-44-6118,Somerset,Markovic,smarkovicju@cam.ac.uk,9728727131
466-58-9395,Norine,Pratley,npratleyjv@unblog.fr,6141386886
110-67-0443,Gary,Isaacson,gisaacsonjw@economist.com,9517576517
628-24-3876,Eustace,Goodrum,egoodrumjx@yandex.ru,9037504040
423-08-0137,Michail,Hewins,mhewinsjy@mozilla.com,6858946472
535-46-3061,Elbertina,Rodman,erodmanjz@de.vu,8457098077
470-26-8293,Kylila,Whitten,kwhittenk0@sbwire.com,8528925918
833-97-2177,Dieter,Siddaley,dsiddaleyk1@joomla.org,8248640037
435-38-7387,Arv,Starsmeare,astarsmearek2@irs.gov,7406322328
724-32-4028,Anica,McIlenna,amcilennak3@stumbleupon.com,8713229645
153-68-2526,Liuka,Lodemann,llodemannk4@mayoclinic.com,5286482466
295-11-4071,Taylor,Rumming,trummingk5@dailymotion.com,6069976502
355-59-7213,Wolfie,Bennedick,wbennedickk6@dion.ne.jp,3053823411
509-45-1502,Tiphany,Potkins,tpotkinsk7@marketwatch.com,3885867603
481-22-7703,Woody,Bucklan,wbucklank8@jiathis.com,6464972120
655-22-5669,Christyna,Walch,cwalchk9@slideshare.net,5582806807
736-24-1808,Yvon,Cortnay,ycortnayka@myspace.com,9438013106
304-69-4405,Gilburt,Ridett,gridettkb@jugem.jp,8976472574
637-90-6908,Gayleen,Gianneschi,ggianneschikc@craigslist.org,2764369253
204-21-3462,Lemuel,Husby,lhusbykd@slate.com,6688422814
438-01-9483,Reeva,Lias,rliaske@hhs.gov,7825595171
856-12-6544,Erina,Beautyman,ebeautymankf@bravesites.com,8415771068
640-81-7959,Shadow,Chalice,schalicekg@bbc.co.uk,6506063092
273-17-2343,Marion,Fellon,mfellonkh@reddit.com,5455503333
217-95-9090,Naoma,de Courcey,ndecourceyki@paypal.com,3786970769
352-13-6716,Ilysa,McCahey,imccaheykj@mashable.com,9338977504
101-05-9349,Wally,McEntee,wmcenteekk@tinypic.com,1182908345
342-93-4515,Shara,Chaudrelle,schaudrellekl@ucoz.com,7456661853
843-29-6688,Janey,Peever,jpeeverkm@ted.com,9133097272
112-35-3601,Jessy,Jurick,jjurickkn@utexas.edu,9646197031
852-09-5966,Hildagard,Neubigin,hneubiginko@cdc.gov,6465626756
738-78-3392,Gladys,Barkes,gbarkeskp@elpais.com,9585515447
564-90-5006,Sig,Gransden,sgransdenkq@foxnews.com,5954752242
701-65-6491,Darius,MacKowle,dmackowlekr@bloglovin.com,8032927328
434-42-0978,Basia,Daleman,bdalemanks@usnews.com,3303528151
157-41-0851,Liuka,Blencoe,lblencoekt@fotki.com,5711679736
485-82-3415,Cora,Vlasenko,cvlasenkoku@stanford.edu,5324830653
194-02-6710,Rowena,Dickon,rdickonkv@gmpg.org,5613089779
303-35-0197,Charmion,Fanstone,cfanstonekw@stumbleupon.com,9357934394
157-40-3119,Tyrus,Ladlow,tladlowkx@spotify.com,2311380666
508-36-7564,Melonie,Purdy,mpurdyky@bandcamp.com,5134088457
352-88-4728,Sayer,Deacon,sdeaconkz@nydailynews.com,9057159564
807-70-9135,Nilson,Sharphouse,nsharphousel0@icio.us,8483145428
892-32-3589,Jeanine,Livoir,jlivoirl1@constantcontact.com,8714761778
673-26-5308,Carlynn,Tames,ctamesl2@hp.com,7431737450
453-16-9984,Heywood,Dran,hdranl3@clickbank.net,6637879421
487-69-3243,Georgeanna,Hazelgreave,ghazelgreavel4@intel.com,8918936003
412-30-8877,Carleen,Ronchetti,cronchettil5@netscape.com,6466195933
489-87-9120,Tyrus,Floyde,tfloydel6@hatena.ne.jp,6018076338
262-54-0659,Tomasine,Eagar,teagarl7@angelfire.com,4881588726
324-16-8171,Horatio,Lelande,hlelandel8@facebook.com,2499832462
480-09-5076,Frans,Seargeant,fseargeantl9@usnews.com,4869723680
612-60-1144,Allister,Gumn,agumnla@csmonitor.com,4714806772
588-19-2856,Hermy,Hounsom,hhounsomlb@twitter.com,7373327429
138-32-1762,Barbabra,Tantum,btantumlc@google.fr,4971514297
268-24-8135,Susette,Lergan,slerganld@mysql.com,7354443126
702-79-0607,Christine,Carlone,ccarlonele@timesonline.co.uk,4024454792
251-45-4629,Lesley,Seargeant,lseargeantlf@sfgate.com,6108027844
805-62-3077,Dore,Burris,dburrislg@bluehost.com,7399629574
175-15-0996,Joby,Jovey,jjoveylh@washingtonpost.com,8033707860
224-21-3397,Emmalynne,Maypole,emaypoleli@ibm.com,9346118191
816-96-3753,Lena,Poppleston,lpopplestonlj@wikimedia.org,9052109844
470-70-8451,Barney,Bagguley,bbagguleylk@ameblo.jp,7598664775
596-21-0656,Netta,Plumridege,nplumridegell@mapquest.com,9838062907
236-37-6250,Martguerita,Gledhall,mgledhalllm@blinklist.com,3734502940
841-85-3045,Lindsey,Hebbard,lhebbardln@spiegel.de,8055338295
441-25-2465,Ira,Tobin,itobinlo@nbcnews.com,4877987692
351-05-0720,Giacopo,Caskey,gcaskeylp@ted.com,8363541355
188-21-1236,Stacee,Brushfield,sbrushfieldlq@redcross.org,7088933855
248-99-3176,Vidovik,Malsher,vmalsherlr@last.fm,1591891459
631-63-6270,Spenser,Olsen,solsenls@purevolume.com,4362832229
126-43-1203,Chrotoem,Poyle,cpoylelt@sbwire.com,1302285983
353-92-6319,Sarena,McCarrison,smccarrisonlu@nps.gov,7627512614
549-22-3390,Lancelot,Dovinson,ldovinsonlv@angelfire.com,3229280685
613-79-1215,Korry,Wetherell,kwetherelllw@addtoany.com,6453208463
804-38-4621,Harriett,Slight,hslightlx@nydailynews.com,8702881764
323-03-6905,Dougie,Moxsom,dmoxsomly@woothemes.com,8537692915
375-48-3571,Padraic,Toogood,ptoogoodlz@ted.com,7818290717
100-14-0638,Kaiser,Coyte,kcoytem0@webnode.com,6557996540
142-10-9962,Ursala,Gerty,ugertym1@fotki.com,7132225568
791-07-3402,Ignatius,Trank,itrankm2@scientificamerican.com,1005759592
336-19-6309,Kienan,Diament,kdiamentm3@live.com,4216322288
802-01-1343,Marv,Petronis,mpetronism4@slate.com,9876438021
459-45-0012,Karlens,Bendle,kbendlem5@weather.com,4352651223
326-49-3012,Kassandra,Cowtherd,kcowtherdm6@usda.gov,9419005063
677-97-2788,Hubie,Seaking,hseakingm7@cocolog-nifty.com,1863999879
738-44-9417,Cynthia,Ransom,cransomm8@amazon.com,9961916228
352-70-5621,Katusha,McKillop,kmckillopm9@wsj.com,2429322685
208-77-3437,Hulda,Powder,hpowderma@whitehouse.gov,3394032752
864-77-3576,Clarice,Brotherton,cbrothertonmb@oracle.com,7735953740
343-65-3096,Felice,Litel,flitelmc@ning.com,5656122491
660-82-9671,Hyman,Riglesford,hriglesfordmd@over-blog.com,4896360436
135-86-1902,Jan,Gammet,jgammetme@nature.com,4719307528
497-21-0434,Jeramie,Spiller,jspillermf@amazon.de,6436163060
541-04-7386,Mychal,Poyzer,mpoyzermg@apache.org,1547413759
790-53-2012,Royce,Corley,rcorleymh@1688.com,9232320656
619-24-3218,Lela,Kelcher,lkelchermi@usatoday.com,4422421171
353-92-1172,Abel,Byfford,abyffordmj@etsy.com,3736293387
373-92-8614,Flory,Rubbens,frubbensmk@altervista.org,4083050239
337-36-0703,Priscilla,Dixcey,pdixceyml@china.com.cn,7053808956
344-87-6758,Rogers,Piner,rpinermm@altervista.org,7111785003
778-14-7427,Berta,Hubberstey,bhubbersteymn@hao123.com,2063042183
886-49-3249,Salomon,Gruszecki,sgruszeckimo@taobao.com,2147212691
383-67-3075,Janette,Bilston,jbilstonmp@vk.com,4736562339
755-28-7618,Nariko,Pegden,npegdenmq@opera.com,8984666227
826-35-6621,Selle,Antusch,santuschmr@reddit.com,8472498968
750-87-3390,Osgood,Sturton,osturtonms@disqus.com,3978094200
199-07-3448,Wanids,Hamill,whamillmt@fotki.com,4552544456
399-37-2679,Charlean,Duran,cduranmu@toplist.cz,2549039326
170-27-5246,Deva,Gibbon,dgibbonmv@behance.net,5447396535
748-85-8322,Mollie,Yarranton,myarrantonmw@unicef.org,4065803310
882-63-1698,Hinze,Warmington,hwarmingtonmx@addtoany.com,1366480739
732-32-2779,Mata,Crusham,mcrushammy@nationalgeographic.com,4904184705
477-40-9599,Judye,Tawse,jtawsemz@tumblr.com,3796655705
348-41-5471,Bucky,Espinheira,bespinheiran0@census.gov,4494512100
362-98-0474,Jessee,Jancy,jjancyn1@linkedin.com,8118032758
786-19-3380,Marcel,Swinglehurst,mswinglehurstn2@aboutads.info,5265535799
589-03-5780,Gram,Schollick,gschollickn3@imageshack.us,7578873259
118-93-1723,Teddi,Posselt,tposseltn4@canalblog.com,3975962124
377-85-2170,Fonsie,Palle,fpallen5@g.co,4466778375
667-80-6490,Patton,Brandenburg,pbrandenburgn6@behance.net,8415061341
493-89-9177,Guntar,Brabham,gbrabhamn7@npr.org,7766715957
232-64-9154,Clayson,Askem,caskemn8@sourceforge.net,2921872075
299-40-7729,Darren,Fraczkiewicz,dfraczkiewiczn9@4shared.com,5443359975
703-12-5575,Berri,Vickars,bvickarsna@upenn.edu,8259308044
192-48-2771,April,Tomlin,atomlinnb@businessweek.com,8277575267
642-92-3858,Tobit,Simonsson,tsimonssonnc@hatena.ne.jp,6029810651
375-47-5548,Durant,Trembath,dtrembathnd@aboutads.info,3694075319
168-85-3183,Sybil,Stailey,sstaileyne@reddit.com,1405515111
595-90-6923,Zara,Bleaden,zbleadennf@odnoklassniki.ru,2836585512
357-65-9105,Gerrie,Cubbino,gcubbinong@jiathis.com,3509354588
725-18-9612,Stacey,Quarlis,squarlisnh@comsenz.com,6867637136
330-62-7755,Ariela,Lamas,alamasni@vistaprint.com,8446255968
593-59-2109,Edd,Grzesiak,egrzesiaknj@xing.com,1888649538
350-82-6988,Gaston,Whipple,gwhipplenk@scientificamerican.com,8474998350
212-81-0304,Charleen,Goodings,cgoodingsnl@wsj.com,1583183744
152-05-7469,Spencer,Covington,scovingtonnm@twitter.com,6929611088
578-90-1125,Avery,Dumbrell,adumbrellnn@apple.com,9978567181
694-36-4870,Luke,Craske,lcraskeno@bravesites.com,4796675590
293-83-1946,Melania,Leetham,mleethamnp@usda.gov,6591876964
752-21-6293,Sabina,Hablet,shabletnq@mail.ru,7207790240
142-84-7687,Alf,Welfare,awelfarenr@devhub.com,4081446248
546-19-3025,Grannie,Mallabar,gmallabarns@mit.edu,2059309415
815-91-4017,Alyss,Buessen,abuessennt@yellowbook.com,9194633615
623-06-2496,Raynard,Mitrovic,rmitrovicnu@51.la,5504779809
844-40-5751,Antonin,Haycraft,ahaycraftnv@naver.com,7906522587
579-71-7209,Marje,Defrain,mdefrainnw@wikia.com,3193451838
740-66-3479,Ferdinande,Rawe,frawenx@chron.com,1639780429
351-70-1072,Barth,Jumonet,bjumonetny@is.gd,5235194691
616-81-8571,Merlina,Kluss,mklussnz@vkontakte.ru,7451319980
841-27-3863,Simmonds,Daice,sdaiceo0@cyberchimps.com,4658952901
711-94-8988,Cash,Emmer,cemmero1@alexa.com,5256275005
854-88-8185,Fax,Liddicoat,fliddicoato2@nhs.uk,2419928147
191-46-6478,Christian,How to preserve,chowtopreserveo3@who.int,3004286447
156-32-5405,Burtie,Tomenson,btomensono4@harvard.edu,7213792148
742-35-6648,Kennedy,Keymer,kkeymero5@1und1.de,3534778862
286-23-5488,Pam,Thurlbeck,pthurlbecko6@linkedin.com,8856985262
479-31-3471,Adamo,Tilt,atilto7@slate.com,8161361178
870-21-3694,Hurlee,Greaves,hgreaveso8@fotki.com,3611476244
489-45-7509,Ricoriki,Tebb,rtebbo9@ucsd.edu,6544218604
794-75-2592,Dani,Monkley,dmonkleyoa@bandcamp.com,5525524711
365-04-0396,Carena,Bello,cbelloob@zimbio.com,6717124605
875-28-6490,Laurens,Hammand,lhammandoc@ucsd.edu,5828438915
327-87-5213,Lonna,Struijs,lstruijsod@artisteer.com,1572662113
315-62-2666,Filmore,Eldrid,feldridoe@chron.com,8679096431
808-88-9495,Cosme,Presswell,cpresswellof@microsoft.com,3519329730
147-65-3332,Cris,Pollington,cpollingtonog@linkedin.com,2959953293
444-31-7244,Joly,Yourell,jyourelloh@wiley.com,8391855587
831-77-4319,Quintin,Cassells,qcassellsoi@techcrunch.com,8399062717
755-43-0071,Chery,Kellogg,ckelloggoj@dot.gov,3708020703
532-77-4795,Byrom,Jennison,bjennisonok@moonfruit.com,1733030290
406-24-9308,Eugine,Domm,edommol@furl.net,7454011968
858-33-2525,Lonee,Sterling,lsterlingom@youtube.com,4457617718
599-32-4425,Christiano,Moorcraft,cmoorcrafton@soundcloud.com,1385261496
706-92-5800,Bab,Trownson,btrownsonoo@washingtonpost.com,3565757819
393-86-8362,Preston,Fusedale,pfusedaleop@tripadvisor.com,2704933821
706-09-7027,Jamesy,Sansome,jsansomeoq@alibaba.com,4029724435
458-81-4823,Marney,Helleckas,mhelleckasor@clickbank.net,6634151188
617-95-8438,Pia,Extence,pextenceos@google.co.jp,7832915678
432-62-2966,Remy,Dockerty,rdockertyot@yolasite.com,9722229717
657-49-9416,Lani,Fuller,lfullerou@utexas.edu,1784303887
397-60-4219,Rollins,Kersting,rkerstingov@printfriendly.com,2221057354
399-58-6788,Tobin,Tansley,ttansleyow@home.pl,5179442542
669-90-9094,Trixi,Piddle,tpiddleox@columbia.edu,3991457978
831-03-5099,Marti,Polin,mpolinoy@hud.gov,2453658291
634-10-1495,Marnie,Gooden,mgoodenoz@storify.com,2685707047
879-10-7421,Teddi,Damrel,tdamrelp0@e-recht24.de,8247042206
251-03-4265,Kip,Legendre,klegendrep1@prnewswire.com,6172532655
752-75-0819,Bobette,Agius,bagiusp2@ycombinator.com,6011997500
472-47-7305,Marcile,Fritter,mfritterp3@psu.edu,5535180974
811-82-5643,Luise,Raggatt,lraggattp4@facebook.com,1471101593
462-40-0839,Cindelyn,Capewell,ccapewellp5@google.ca,6551233284
107-61-8795,Kacie,Dewsnap,kdewsnapp6@furl.net,2036432899
447-51-9009,Lola,Gyrgorcewicx,lgyrgorcewicxp7@digg.com,8701629973
758-93-3671,Debera,Cregeen,dcregeenp8@sphinn.com,3883336223
219-84-1276,Natividad,Potter,npotterp9@imdb.com,2282622230
877-32-9126,Starla,Beseke,sbesekepa@chronoengine.com,7761371063
566-11-9198,Uriah,Teml,utemlpb@sphinn.com,7758050800
539-78-0743,Ariela,Jados,ajadospc@usa.gov,5128745582
778-87-3340,Rockey,Martlew,rmartlewpd@si.edu,9381303140
837-76-1914,Hillery,Mutimer,hmutimerpe@nyu.edu,3913709503
876-98-8471,Julianna,Mabbett,jmabbettpf@meetup.com,9741158995
336-05-4739,Clare,Palfreeman,cpalfreemanpg@ftc.gov,4267031326
222-16-0938,Ode,Burras,oburrasph@mediafire.com,1821927241
541-43-8527,Thornton,McCool,tmccoolpi@hostgator.com,3262216924
158-55-3805,Nora,Vamplers,nvamplerspj@huffingtonpost.com,3123677034
611-35-9800,Zulema,Prevett,zprevettpk@mit.edu,2677456425
439-66-5112,Gwenora,Yu,gyupl@e-recht24.de,9151369490
226-78-8928,Karrah,Beagan,kbeaganpm@gnu.org,5854134205
230-07-7809,Malissa,Speake,mspeakepn@timesonline.co.uk,5001692782
525-62-6837,Conrade,Serjeantson,cserjeantsonpo@example.com,9711756688
750-71-2335,Michell,McUre,mmcurepp@kickstarter.com,4668625509
379-99-5245,Ora,Ovington,oovingtonpq@furl.net,4988594200
852-14-2681,Alia,Sante,asantepr@cdbaby.com,4047822437
170-74-3182,Ulick,Penylton,upenyltonps@photobucket.com,6299782744
136-43-3012,Drake,Dixcey,ddixceypt@hibu.com,1495812975
703-90-8310,Clo,Wiseman,cwisemanpu@constantcontact.com,5977838839
601-20-3820,Carroll,O'Dyvoy,codyvoypv@jimdo.com,2898914938
704-13-3297,Georgiana,Broek,gbroekpw@abc.net.au,3052880360
177-73-3756,Paulie,Remmer,premmerpx@techcrunch.com,1493520369
195-24-9255,Joy,Killingsworth,jkillingsworthpy@eventbrite.com,1837884549
783-56-9364,Cathryn,Pyecroft,cpyecroftpz@geocities.jp,7599258338
430-84-7430,Deane,Trowbridge,dtrowbridgeq0@ameblo.jp,7282315077
497-32-4175,Dody,Giraldez,dgiraldezq1@phoca.cz,1276876414
538-20-1601,Gage,Henker,ghenkerq2@technorati.com,7177319125
407-62-8480,Felipa,Alexsandrev,falexsandrevq3@istockphoto.com,7407560055
629-40-5703,Lib,Morrid,lmorridq4@angelfire.com,9655229566
874-45-0893,Gilbertine,Crier,gcrierq5@sina.com.cn,9491730729
807-15-4007,Kimball,Igglesden,kigglesdenq6@tumblr.com,4946972261
884-83-3750,Matthias,Claringbold,mclaringboldq7@nyu.edu,2599850775
782-02-4998,Tadio,Simion,tsimionq8@oaic.gov.au,3442310101
171-91-7288,Nickola,Woodroffe,nwoodroffeq9@smh.com.au,5158159036
767-71-5257,Ofella,Aitchinson,oaitchinsonqa@com.com,3422589724
197-88-5993,Christiane,Deery,cdeeryqb@wordpress.com,1276655410
110-82-5987,Rafferty,Boffin,rboffinqc@harvard.edu,4913171014
437-58-1010,Evelyn,Wike,ewikeqd@blogger.com,7021210060
239-96-2597,Lydon,Phalp,lphalpqe@adobe.com,8644673142
778-43-6412,Denney,Chestnut,dchestnutqf@ustream.tv,4933104796
101-22-8119,Lyman,Vallerine,lvallerineqg@prlog.org,6104860445
857-30-9178,Jade,Eldon,jeldonqh@last.fm,7092074884
853-54-6444,Gustie,Gooddie,ggooddieqi@instagram.com,3196253149
863-14-1579,Magdalena,Artindale,martindaleqj@bbc.co.uk,5874846691
821-26-7648,Kizzie,Christensen,kchristensenqk@senate.gov,1794293491
520-78-5434,Terri-jo,Meecher,tmeecherql@blog.com,5685765586
793-25-2489,Beverley,Agar,bagarqm@nba.com,6859299909
559-30-2187,Giorgia,Downgate,gdowngateqn@creativecommons.org,3336118078
490-70-0159,Guntar,Sime,gsimeqo@surveymonkey.com,8847799093
864-75-7862,Flin,Parcell,fparcellqp@geocities.com,7533666688
349-43-0085,Vi,Oller,vollerqq@constantcontact.com,9505641714
703-41-8035,Baily,Rushworth,brushworthqr@delicious.com,7153366392
829-54-3089,Elayne,Sheach,esheachqs@hud.gov,7911482537
588-67-1215,Aldin,Belliard,abelliardqt@deliciousdays.com,4586031614
395-75-8822,Fancy,MacAlpyne,fmacalpynequ@storify.com,6557016076
157-07-0148,Florian,Badcock,fbadcockqv@unblog.fr,9743195768
334-29-8365,Rickey,Livingstone,rlivingstoneqw@google.pl,7242749551
864-30-6921,Gerald,Scamel,gscamelqx@slate.com,5758479547
606-57-8881,Blanche,Paylie,bpaylieqy@linkedin.com,7139679271
250-75-3346,Sargent,Searston,ssearstonqz@earthlink.net,4074752883
705-09-6228,Gardiner,Cordeux,gcordeuxr0@house.gov,8649159186
542-62-9729,Hurlee,Gaggen,hgaggenr1@dagondesign.com,9482172669
454-56-5660,Gorden,Smooth,gsmoothr2@vkontakte.ru,5122412897
315-82-6553,Winona,Elliott,welliottr3@ucoz.ru,8122914206
458-34-5200,Alon,Pettie,apettier4@pagesperso-orange.fr,8739232337
720-92-6068,Analise,McAlpin,amcalpinr5@nyu.edu,1168135556
869-93-9401,Bailey,Marple,bmarpler6@economist.com,8919579955
893-10-0174,Christoforo,Genty,cgentyr7@usa.gov,1522729553
168-58-7335,Tamera,Spence,tspencer8@newyorker.com,5525528089
856-21-2703,Jessamine,Koeppe,jkoepper9@nationalgeographic.com,8245813405
896-02-1679,Reed,Iskowitz,riskowitzra@thetimes.co.uk,2581473090
409-44-0695,Barry,Penzer,bpenzerrb@t-online.de,1412873212
296-89-9453,Lorry,Doul,ldoulrc@hatena.ne.jp,7712468098
863-02-7072,Antonino,Gouinlock,agouinlockrd@google.com,8825877828
514-56-2984,Wanids,O'Crigan,wocriganre@webs.com,9144607637
627-20-7577,Rowan,Pennicard,rpennicardrf@unicef.org,3244249638
319-96-0373,Grier,Serchwell,gserchwellrg@dedecms.com,5197300284
402-48-3926,Dennie,McKechnie,dmckechnierh@goodreads.com,9991174855
463-63-2403,Artus,Knipe,akniperi@wsj.com,5099425169
764-67-0813,Lilly,Drillingcourt,ldrillingcourtrj@pen.io,5008934870
895-64-9851,Ardelia,Libbey,alibbeyrk@youtu.be,7738561673
733-84-9481,Dyana,Melbourne,dmelbournerl@dagondesign.com,6497469097
440-15-9536,Bertha,Gerram,bgerramrm@nytimes.com,8552323704
760-78-3756,Kenyon,Dawnay,kdawnayrn@mtv.com,5709119605
658-43-0035,Gonzalo,Janowski,gjanowskiro@gnu.org,1816566813
116-18-5340,Westley,Megson,wmegsonrp@discuz.net,1497723365
281-90-3961,Henriette,Stainbridge,hstainbridgerq@hibu.com,8075310474
600-70-6268,Letti,Dockrell,ldockrellrr@mashable.com,6662047331
